case_id,patient_uid_hash,pathology_uid_hash,sex,age_at_scan,scan_year,phase,layer,match_status_simplified,label_5,label_5_id,label_5_source,pathology_class_5class,tensor,fold
G0420,b11569a617cc0426f12c3272,b8106dbbe130613a6ee5925b,女,16,2021,薄层静脉期,薄层,matched,良性神经源性肿瘤,1,from_label_4,节细胞神经瘤,data/cache_96slice/tensors/G0420.pt,4
G0155,3c0e24686722029f29010338,04a55a5fb57fa6edfbc4d24c,男,35,2023,薄层静脉期,薄层,matched,良性神经源性肿瘤,1,from_label_4,神经鞘瘤,data/cache_96slice/tensors/G0155.pt,4
G0362,0d3d049173ff0dc454eafa66,9e5c097daeb46090e834f421,男,49,2023,薄层静脉期,薄层,matched,肉瘤类,0,from_label_4,脂肪肉瘤,data/cache_96slice/tensors/G0362.pt,4
G0395,6e7741d2879b8a455d722c24,f917f986bb1e2a3b807c7d11,女,43,2020,薄层静脉期,薄层,matched,肉瘤类,0,from_label_4,脂肪肉瘤,data/cache_96slice/tensors/G0395.pt,4
G0076,9fbc7679b23ef092f141699b,88759becf1ce6c14018fc327,女,64,2022,薄层静脉期,薄层,matched,淋巴瘤,3,from_label_4,淋巴瘤,data/cache_96slice/tensors/G0076.pt,4
G0191,45dfa89fc4ed51b3a0b759bf,1d9dca13ea67c5e16c7df0e7,女,33,2024,薄层静脉期,薄层,matched,良性神经源性肿瘤,1,from_label_4,节细胞神经瘤,data/cache_96slice/tensors/G0191.pt,4
G0146,03db530b171b4b26c897774f,ef3718a48f5b8c5e74d619ff,女,30,2022,薄层静脉期,薄层,matched,PPGL,2,from_label_4,副神经节瘤,data/cache_96slice/tensors/G0146.pt,4
G0030,7c4e70ba7eedb02ef1f3f238,4c06375c7717ea9c409cbc35,女,35,2022,薄层静脉期,薄层,matched,淋巴瘤,3,from_label_4,淋巴瘤,data/cache_96slice/tensors/G0030.pt,4
G0300,9191f6473b7637ba4081dcad,1cacb597d3736c4f9dc1ae34,男,71,2020,薄层静脉期,薄层,ambiguous,肉瘤类,0,from_label_4,脂肪肉瘤,data/cache_96slice/tensors/G0300.pt,4
G0328,dec5b05b73ca67dc7dd6b93e,af6f34047478b31d925dc005,男,77,2024,薄层静脉期,薄层,matched,肉瘤类,0,from_label_4,脂肪肉瘤,data/cache_96slice/tensors/G0328.pt,4
G0031,5da477e60a9f271d64e1bf4f,c5e8394eff75a4f453b3df02,女,48,2022,薄层静脉期,薄层,matched,淋巴瘤,3,from_label_4,淋巴瘤,data/cache_96slice/tensors/G0031.pt,4
G0204,2a40df0a602b254eb666ca5a,ccfb4bde0ccba942d3ad3456,女,59,2019,薄层静脉期,薄层,matched,良性神经源性肿瘤,1,from_label_4,神经鞘瘤,data/cache_96slice/tensors/G0204.pt,4
G0107,d616910f916d208b1b0498a0,9821a886d3e2bbc481f8b62b,男,57,2022,薄层静脉期,薄层,matched,淋巴瘤,3,from_label_4,淋巴瘤,data/cache_96slice/tensors/G0107.pt,4
G0278,2977f2d59b46d2038a5734bf,c8152932f5db9a8deda3e338,男,53,2021,薄层静脉期,薄层,matched,肉瘤类,0,from_label_4,脂肪肉瘤,data/cache_96slice/tensors/G0278.pt,4
G0294,d565b2c21cac57dd424305a9,8d06bc130f6ac07a24c009ae,男,59,2023,薄层静脉期,薄层,matched,肉瘤类,0,from_label_4,脂肪肉瘤,data/cache_96slice/tensors/G0294.pt,4
G0269,0ba2e699ada8b1c046c69d59,d4d8eac446bfddfcf5aa33d5,女,87,2021,薄层静脉期,薄层,matched,胃肠道间质瘤,4,from_pathology_class,胃肠道间质瘤,data/cache_96slice/tensors/G0269.pt,4
G0351,e87e309911fa7637662a17eb,53f7766e1f311c94eb9a6106,女,55,2021,薄层静脉期,薄层,matched,肉瘤类,0,from_label_4,脂肪肉瘤,data/cache_96slice/tensors/G0351.pt,4
G0400,490205238635064421b098b4,3cf889e8b5be52dfd62b213b,男,59,2023,薄层静脉期,薄层,matched,肉瘤类,0,from_label_4,脂肪肉瘤,data/cache_96slice/tensors/G0400.pt,4
G0418,b951db3de4d122630f065ca5,9824ebfec60c1f64f19ac0a1,女,31,2023,薄层静脉期,薄层,matched,良性神经源性肿瘤,1,from_label_4,节细胞神经瘤,data/cache_96slice/tensors/G0418.pt,4
G0177,93005d4bbb7496792ce6bcec,848f12dce1dd3544df126656,男,45,2023,薄层静脉期,薄层,matched,良性神经源性肿瘤,1,from_label_4,神经鞘瘤,data/cache_96slice/tensors/G0177.pt,4
G0239,4296092d7fe98fbad2c4b836,d2522c474311c704ef1f3557,男,83,2022,薄层静脉期,薄层,matched,PPGL,2,from_pathology_class,嗜铬细胞瘤,data/cache_96slice/tensors/G0239.pt,4
G0382,1965f2c119781cc5004d1187,db4592152a96428cfb386198,女,68,2022,薄层静脉期,薄层,matched,肉瘤类,0,from_label_4,脂肪肉瘤,data/cache_96slice/tensors/G0382.pt,4
G0359,9fdb71024a2f24758e4b00fb,4df4c065fcc74e0aa52147b3,女,55,2021,薄层静脉期,薄层,ambiguous,肉瘤类,0,from_label_4,脂肪肉瘤,data/cache_96slice/tensors/G0359.pt,4
G0316,accfa6321d74e3e75fbf342e,56dbc68e73bd8810a057aebf,女,59,2022,薄层静脉期,薄层,matched,肉瘤类,0,from_label_4,脂肪肉瘤,data/cache_96slice/tensors/G0316.pt,4
G0061,4c5d5d337d12245ebe57d763,cb6b5719893807d5a0721439,男,70,2019,薄层静脉期,薄层,matched,淋巴瘤,3,from_label_4,淋巴瘤,data/cache_96slice/tensors/G0061.pt,4
G0134,6895840ceba382f975ed6374,d108c1b7fa5678fa8ac519f0,女,48,2022,薄层静脉期,薄层,matched,肉瘤类,0,from_label_4,平滑肌肉瘤,data/cache_96slice/tensors/G0134.pt,4
G0232,0a3e93ec47e1d80d084452e6,531f770cfd296ccbbd4a07e9,女,81,2023,薄层静脉期,薄层,matched,PPGL,2,from_pathology_class,嗜铬细胞瘤,data/cache_96slice/tensors/G0232.pt,4
G0309,5c34cf578535d7cd3ad3b7b9,d02af26e8210d818fd3ab6d3,男,53,2017,薄层静脉期,薄层,ambiguous,肉瘤类,0,from_label_4,脂肪肉瘤,data/cache_96slice/tensors/G0309.pt,4
G0360,e141a33bb73da72e8124ec94,10fb22c7529bd7f42bf52f40,女,41,2024,薄层静脉期,薄层,matched,肉瘤类,0,from_label_4,脂肪肉瘤,data/cache_96slice/tensors/G0360.pt,4
G0350,4abceb3d4846f3f9c1a1a304,e4217fe26503b4ffc85999bb,男,72,2019,薄层门脉期,薄层,matched,肉瘤类,0,from_label_4,脂肪肉瘤,data/cache_96slice/tensors/G0350.pt,4
G0089,f73e8d16888b892f1670f09f,1f35455f5778382ff6c0043b,男,61,2022,薄层静脉期,薄层,matched,淋巴瘤,3,from_label_4,淋巴瘤,data/cache_96slice/tensors/G0089.pt,4
G0154,3596fb6f388c7219f52dcd5a,8c08cb3254fad152f2dbe0d0,男,73,2021,薄层静脉期,薄层,matched,良性神经源性肿瘤,1,from_label_4,神经鞘瘤,data/cache_96slice/tensors/G0154.pt,4
G0411,f688d9d8715db42b782122e5,bf3345f3f522d0be0a406700,女,30,2022,薄层静脉期,薄层,matched,良性神经源性肿瘤,1,from_label_4,节细胞神经瘤,data/cache_96slice/tensors/G0411.pt,4
G0101,d83585cb677bf9d5d418c1af,4516aeb92a133180307c408f,女,54,2022,薄层静脉期,薄层,matched,肉瘤类,0,from_label_4,平滑肌肉瘤,data/cache_96slice/tensors/G0101.pt,4
G0256,cc443ba88da660aa60463819,b8e1854cfacf418d15d6eed6,女,66,2023,薄层静脉期,薄层,matched,胃肠道间质瘤,4,from_pathology_class,胃肠道间质瘤,data/cache_96slice/tensors/G0256.pt,4
G0281,7c500f4b3de022151fca6b24,e199a590b25cfd93f33846a4,女,72,2023,薄层静脉期,薄层,matched,肉瘤类,0,from_label_4,脂肪肉瘤,data/cache_96slice/tensors/G0281.pt,4
G0206,10fbca3882bd69dfe599577b,83271b9074d579c211f7e5ce,女,56,2022,薄层静脉期,薄层,matched,良性神经源性肿瘤,1,from_label_4,神经鞘瘤,data/cache_96slice/tensors/G0206.pt,4
G0113,26b1dd750674611dc33a5211,72598cd307e7de3dffaad38b,女,44,2021,薄层静脉期,薄层,matched,肉瘤类,0,from_label_4,平滑肌肉瘤,data/cache_96slice/tensors/G0113.pt,4
G0208,70a68b05269a0876ed9ea8db,a067846089f149264731cdae,男,40,2019,薄层静脉期,薄层,matched,良性神经源性肿瘤,1,from_label_4,神经鞘瘤,data/cache_96slice/tensors/G0208.pt,4
G0066,768dd873a9d0c072ed9cde77,e83458e6bbcedbb776626c4b,女,60,2022,薄层静脉期,薄层,matched,淋巴瘤,3,from_label_4,淋巴瘤,data/cache_96slice/tensors/G0066.pt,4
G0190,338db40e4732632a65e65819,16696542f1082ab2f3f47224,女,35,2024,薄层静脉期,薄层,matched,良性神经源性肿瘤,1,from_label_4,神经鞘瘤,data/cache_96slice/tensors/G0190.pt,4
G0186,21734ea4ce7d83a423e0c33b,9932a641304934090a2d7cb9,男,18,2023,薄层静脉期,薄层,no_pathology_name_match,PPGL,2,PGL_manual_match,副神经节瘤,data/cache_96slice/tensors/G0186.pt,4
G0342,823c8f99e4c3a6d53047fe6d,d9f0341ded771f7f244bfcc0,女,64,2018,薄层静脉期,薄层,ambiguous,肉瘤类,0,from_label_4,脂肪肉瘤,data/cache_96slice/tensors/G0342.pt,4
G0043,87d2f972676bff0eea78b998,1b77a8149e705588c7c3e490,女,75,2021,薄层静脉期,薄层,matched,淋巴瘤,3,from_label_4,淋巴瘤,data/cache_96slice/tensors/G0043.pt,4
G0325,b9796dc6b10a38488fd41543,eaba20be547d754a493d9443,男,63,2020,薄层静脉期,薄层,matched,肉瘤类,0,from_label_4,脂肪肉瘤,data/cache_96slice/tensors/G0325.pt,4
G0087,98d45fd184aa2c5155c92484,0d796fd9ee920b3f75a6b5f3,男,71,2020,薄层静脉期,薄层,matched,淋巴瘤,3,from_label_4,淋巴瘤,data/cache_96slice/tensors/G0087.pt,4
G0139,9cea89ccfa9d07c85eb12026,2f9f2f811add5175bef53d1d,男,64,2020,薄层静脉期,薄层,matched,良性神经源性肿瘤,1,from_label_4,神经鞘瘤,data/cache_96slice/tensors/G0139.pt,4
G0384,cffa3e50bd775fb1a50dc954,53b6e64c71695069afb8cf86,男,67,2022,薄层静脉期,薄层,matched,肉瘤类,0,from_label_4,脂肪肉瘤,data/cache_96slice/tensors/G0384.pt,4
